{
    "warning" : "company price charges for service not for royality and selled",
    "url" : "https://mayankdevil.github.io/website-0/",
    "detail" : "Master Company Price Data",
    "service_Data" : [
        {
            "name" : "Software Programming",
            "blog" : "Develope or build Software by hardcore programming.",
            "icon" : "<span class='fa solid fa-laptop'></span>",
            "url" : null
        },
        {
            "name" : "DataBase Management",
            "blog" : "Create Insert Or Update Data in Large Database.",
            "icon" : "<span class='fa solid fa-database'></span>",
            "url" : null
        },
        {
            "name" : "Website Developement",
            "blog" : "Develope website front & backend and web application or Admin Panels.",
            "icon" : "<span class='fa solid fa-tv'></span>",
            "url" : null
        },
        {
            "name" : "Android Application",
            "blog" : "Build Android appliction games or projects according Requirement.",
            "icon" : "<span class='fa solid fa-mobile'></span>",
            "url" : null
        },
        {
            "name" : "Server Management",
            "blog" : "Lorem ipsum dolor sit amet consectetur adipisicing elit. Nobis, nostrum?",
            "icon" : "<span class='fa solid fa-server'></span>",
            "url" : null
        },
        {
            "name" : "Ethical Hacking",
            "blog" : "Lorem ipsum dolor sit amet consectetur adipisicing elit. Nobis, nostrum?",
            "icon" : "<span class='fa solid fa-keyboard'></span>",
            "url" : null
        },
        {
            "name" : "Debbuging & Testing",
            "blog" : "Lorem ipsum dolor sit amet consectetur adipisicing elit. Nobis, nostrum?",
            "icon" : "<span class='fa solid fa-signal'></span>",
            "url" : null
        },
        {
            "name" : "Project Anylises",
            "blog" : "Lorem ipsum dolor sit amet consectetur adipisicing elit. Nobis, nostrum?",
            "icon" : "<span class='fa solid fa-globe'></span>",
            "url" : null
        },
        {
            "name" : "-- UI / UX Design --",
            "blog" : "Unauthories Access Accounts, Blackmailing, Password Cracking, Data Curapting",
            "icon" : "<span class='fa solid fa-brain'></span>",
            "url" : null
        }
    ]
}